Result,AVERAGE of Total Score,AVERAGE of Sigbjorn Score,AVERAGE of Research,AVERAGE of Method,AVERAGE of Pseudocode,AVERAGE of Implementation,AVERAGE of Phenomenon,AVERAGE of Data Description,AVERAGE of Data,AVERAGE of Partitioned Data,AVERAGE of Experiment Description,AVERAGE of Experiment,AVERAGE of Experiment Result
Success,0.4352777778,0.2261904762,0.2,1,0,0.5,1,0.5,0.5277777778,1,0,0.125,0.5
Partial Success,0.469812009,0.319664903,0.2666666667,0.8796296296,0.1666666667,0.3888888889,0.7777777778,0.5,0.703125,0.71,0.1111111111,0.2916666667,0.5555555556
No Result,0.4140909091,0.3666666667,0.28,0.8666666667,0,0,1,0.4,0.5333333333,0.65,0,0.325,0.5
Failure,0.5013852814,0.3032879819,0.2857142857,0.9285714286,0.2857142857,0.4285714286,0.8571428571,0.5714285714,0.7023809524,0.45,0.07142857143,0.4107142857,0.5